mod,snr_db,n,nmse_db,snr_gain_db,evm_pct,evm_pct_noisy,ber,ber_noisy
16QAM,-20.0,16,-0.2144942438462749,20.181033865199424,100.73398315970772,100.48669074977727,0.4702845982142857,0.46693638392857145
16QAM,-18.0,16,-0.4094260623678565,18.469678609631956,100.08335902926021,100.0795302664572,0.4575892857142857,0.45619419642857145
16QAM,-16.0,16,-0.568062549456954,16.618706351146102,99.06636726524596,98.95121913864801,0.4291294642857143,0.43680245535714285
16QAM,-14.0,16,-1.1150554455816746,15.149586621671915,93.01205922740363,92.56426465560051,0.41322544642857145,0.4111328125
16QAM,-12.0,16,-1.6814224421977997,13.66840460896492,88.91535299639187,89.44505761489631,0.3876953125,0.38546316964285715
16QAM,-10.0,16,-2.3144748210906982,12.297794818878174,81.11954309649055,81.30492324543519,0.34891183035714285,0.3452845982142857
16QAM,-8.0,16,-3.4035529792308807,11.355593264102936,73.16767681561385,74.65051262104814,0.30594308035714285,0.30873325892857145
16QAM,-6.0,16,-5.0171021819114685,11.001734137535095,59.95786503861423,61.219114480671635,0.24330357142857142,0.23758370535714285
16QAM,-4.0,16,-6.085270047187805,10.14424742758274,53.008142580167636,53.55594976762994,0.20256696428571427,0.19489397321428573
16QAM,-2.0,16,-7.769565045833588,9.752589866518974,44.07158726355811,45.10232053068991,0.14815848214285715,0.14871651785714285
16QAM,0.0,16,-9.509035348892212,9.510342171997763,38.55035410845437,39.068525821544085,0.11188616071428571,0.10477120535714286
16QAM,2.0,16,-11.132131516933441,9.10712793469429,31.486463067809694,31.176866466185732,0.06808035714285714,0.06040736607142857
16QAM,4.0,16,-12.685579776763916,8.701845958828926,27.716641269652243,27.300646432056453,0.048828125,0.0400390625
16QAM,6.0,16,-14.49396938085556,8.5277841091156,23.19758522716856,22.520213236166825,0.027483258928571428,0.0205078125
16QAM,8.0,16,-16.168800830841064,8.172243624925613,20.255317246766054,19.686908534806207,0.015066964285714286,0.011997767857142858
16QAM,10.0,16,-18.05244755744934,8.01317149400711,19.07817283203979,18.568179624206678,0.015625,0.013392857142857142
16QAM,12.0,16,-19.91959321498871,7.897530376911163,14.51245225083402,13.974894489515172,0.0005580357142857143,0.00027901785714285713
16QAM,14.0,16,-21.5602548122406,7.587541937828064,13.747899513948965,12.98400106539997,0.0005580357142857143,0.00013950892857142856
16QAM,16.0,16,-22.85169804096222,6.83281022310257,12.467520264159752,11.371579331253972,0.0004185267857142857,0.00013950892857142856
16QAM,18.0,16,-24.26245939731598,6.264675855636597,12.171349408784579,11.366296344076128,0.0012555803571428572,0.0008370535714285714
16QAM,20.0,16,-25.294727206230164,5.250639200210571,12.34291284469538,11.387703634524424,0.0018136160714285715,0.0005580357142857143
64QAM,-20.0,16,-0.2586105404770933,20.228544169513043,100.68166192404848,101.79083211594995,0.48521205357142855,0.48139880952380953
64QAM,-18.0,16,-0.31324983737431467,18.27076007029973,102.79169979681521,102.1385316158532,0.46372767857142855,0.4655877976190476
64QAM,-16.0,16,-0.7171853315085173,16.72259862534702,100.1937473284418,99.05489842079274,0.46103050595238093,0.45479910714285715
64QAM,-14.0,16,-1.0166045576334,15.022342875599861,94.22239486778103,93.87666633251492,0.4538690476190476,0.45284598214285715
64QAM,-12.0,16,-1.7246546149253845,13.723229944705963,87.46082990121829,87.1238891901505,0.42140997023809523,0.42234002976190477
64QAM,-10.0,16,-2.256322368979454,12.28788237273693,84.39191149703477,83.00396029255805,0.41489955357142855,0.40727306547619047
64QAM,-8.0,16,-3.616257205605507,11.635735556483269,69.50835834257623,70.11677342513083,0.36728050595238093,0.35965401785714285
64QAM,-6.0,16,-4.708167523145676,10.702543079853058,64.39558105146038,66.1151396073235,0.3384486607142857,0.34151785714285715
64QAM,-4.0,16,-6.124226003885269,10.079453974962234,54.199547237500624,54.37008024659964,0.2974330357142857,0.29194568452380953
64QAM,-2.0,16,-7.835148900747299,9.787893816828728,45.053081551626725,44.36006182149803,0.24739583333333334,0.2340029761904762
64QAM,0.0,16,-9.098712414503098,9.156696333928267,39.8213432993431,40.887091663600955,0.22005208333333334,0.21791294642857142
64QAM,2.0,16,-10.955869317054749,8.916550569236279,32.90771410590402,32.201204583588634,0.18359375,0.16806175595238096
64QAM,4.0,16,-12.76380741596222,8.754753485321999,27.11885284512591,25.771000583192134,0.14676339285714285,0.1324404761904762
64QAM,6.0,16,-14.511014461517334,8.522455841302872,22.459377219675684,21.51715532046758,0.10621279761904762,0.0955171130952381
64QAM,8.0,16,-16.35365355014801,8.375729829072952,20.247624475731747,19.080111995420197,0.08584449404761904,0.07235863095238096
64QAM,10.0,16,-18.04983377456665,8.040310263633728,18.915155005352105,17.97805496701137,0.07570684523809523,0.06668526785714286
64QAM,12.0,16,-19.634681344032288,7.624703109264374,15.791043969507852,14.847840545904326,0.05022321428571429,0.04138764880952381
64QAM,14.0,16,-21.328816413879395,7.3315587639808655,14.350765601368575,13.363255159345083,0.04092261904761905,0.03264508928571429
64QAM,16.0,16,-22.590256571769714,6.51167768239975,13.427627648771438,12.482948579795355,0.033482142857142856,0.026041666666666668
64QAM,18.0,16,-23.922260403633118,5.909687399864197,13.797005370542507,12.71327893757708,0.035342261904761904,0.026413690476190476
64QAM,20.0,16,-25.048008680343628,5.00013267993927,12.135959601315186,11.232937404122943,0.022135416666666668,0.016183035714285716
8PSK,-20.0,16,-0.17590951384045184,20.191605681786314,104.41425850868734,108.4190552680827,0.4694940476190476,0.47079613095238093
8PSK,-18.0,16,-0.44082190096378326,18.413211837410927,100.23084926984174,99.44359139600019,0.4523809523809524,0.4497767857142857
8PSK,-16.0,16,-0.6919102622196078,16.723051483742893,96.68189152292595,96.6659325985992,0.40271577380952384,0.40438988095238093
8PSK,-14.0,16,-1.106894001364708,15.071117863059044,94.4461808664193,92.42370902502759,0.39099702380952384,0.3829985119047619
8PSK,-12.0,16,-1.5633711703121662,13.551831174641848,88.52537501114703,88.04937747930742,0.34579613095238093,0.34151785714285715
8PSK,-10.0,16,-2.4935701340436935,12.438688322901726,78.75737977981535,79.51245039025578,0.29650297619047616,0.29482886904761907
8PSK,-8.0,16,-3.7367201447486877,11.696421086788177,68.63139129436124,71.76702997197259,0.24795386904761904,0.2379092261904762
8PSK,-6.0,16,-5.1085958778858185,11.144350558519363,57.444474403643696,62.66444295541168,0.1793154761904762,0.18340773809523808
8PSK,-4.0,16,-6.705776125192642,10.686395108699799,48.04007951988501,53.607083436298566,0.13671875,0.14322916666666666
8PSK,-2.0,16,-8.233273029327393,10.210137665271759,39.524238278957164,45.06097779628246,0.09412202380952381,0.09077380952380952
8PSK,0.0,16,-10.592500686645508,10.5358737022907,30.325448278133187,35.51739224081087,0.05319940476190476,0.047061011904761904
8PSK,2.0,16,-11.874174356460571,9.886625453829765,28.524314598697217,31.60955728920938,0.037388392857142856,0.03366815476190476
8PSK,4.0,16,-13.690840423107147,9.694487020373344,21.17528081673035,23.889070513011063,0.01134672619047619,0.008742559523809524
8PSK,6.0,16,-15.1589475274086,9.17979022860527,18.924524585501352,20.784805923269467,0.004836309523809524,0.004650297619047619
8PSK,8.0,16,-17.053992807865143,9.064694732427597,15.716763294809432,16.565830141409258,0.00018601190476190475,0.0003720238095238095
8PSK,10.0,16,-18.53570258617401,8.554092407226562,13.576091980347094,14.301442863300396,0.002232142857142857,0.0016741071428571428
8PSK,12.0,16,-20.611645221710205,8.609144687652588,10.755091965520439,11.221508490005663,0.0,0.0
8PSK,14.0,16,-21.885292053222656,7.860706925392151,12.360608362550284,12.360267454538542,0.006882440476190476,0.006138392857142857
8PSK,16.0,16,-24.00138020515442,8.005793035030365,8.45190542464082,8.721187071730899,0.0,0.0
8PSK,18.0,16,-25.12026309967041,7.16087543964386,7.902796091544465,7.628946689449755,0.0,0.0
8PSK,20.0,16,-26.578840851783752,6.600128173828125,7.673794803480163,7.574440819831646,0.0,0.0
BPSK,-20.0,16,-0.1649471817072481,20.162515312200412,104.16170660671932,102.86614049459558,0.40234375,0.40011160714285715
BPSK,-18.0,16,-0.3114157458767295,18.290381147526205,98.8809817683848,99.16804972743407,0.38113839285714285,0.36216517857142855
BPSK,-16.0,16,-0.6911546103656292,16.707923244684935,100.66084186849731,99.8867324985732,0.3353794642857143,0.32979910714285715
BPSK,-14.0,16,-1.176170077174902,15.168915536254644,92.23446595384938,93.03321410094438,0.25279017857142855,0.24274553571428573
BPSK,-12.0,16,-1.648848533630371,13.616484761238098,88.35786838164874,91.42868976166977,0.20424107142857142,0.21540178571428573
BPSK,-10.0,16,-2.6123745441436768,12.655782043933868,77.3880601633524,79.74513213001097,0.12834821428571427,0.13504464285714285
BPSK,-8.0,16,-4.236695468425751,12.252849698066711,64.80170855530096,72.39470047394745,0.07645089285714286,0.07533482142857142
BPSK,-6.0,16,-6.17163211107254,12.239789754152298,52.4183109437553,61.684374058759474,0.023995535714285716,0.029017857142857144
BPSK,-4.0,16,-8.127783209085464,12.140150621533394,42.407927044630924,55.07411079580412,0.010044642857142858,0.012834821428571428
BPSK,-2.0,16,-9.839679479598999,11.860144056379795,33.313616178976844,46.18885579598387,0.0011160714285714285,0.0005580357142857143
BPSK,0.0,16,-12.472286999225616,12.461863942589844,24.068966270903836,36.197106432619734,0.0,0.0
BPSK,2.0,16,-13.690869808197021,11.71495333313942,24.701655424567072,32.761042920292894,0.00390625,0.005022321428571429
BPSK,4.0,16,-15.772487044334412,11.836021423339844,19.004079413262936,25.835387873969278,0.0,0.0
BPSK,6.0,16,-17.03611296415329,11.071829795837402,16.115191609036565,20.817050521640716,0.0,0.0
BPSK,8.0,16,-18.41933172941208,10.487031131982803,14.334253290991045,16.85785466259167,0.0,0.0
BPSK,10.0,16,-20.34490668773651,10.344775319099426,11.815503119350328,13.473462673934506,0.0,0.0
BPSK,12.0,16,-21.459105491638184,9.467395901679993,13.1963219226262,13.961334736582394,0.0,0.0
BPSK,14.0,16,-23.08155584335327,9.100868463516235,9.306022760495495,9.860391794218112,0.0,0.0
BPSK,16.0,16,-24.528250813484192,8.512422561645508,9.058594330335033,9.340123626081034,0.0,0.0
BPSK,18.0,16,-25.487200379371643,7.4600909948349,8.633843240516782,8.396879404652072,0.0,0.0
BPSK,20.0,16,-26.918413281440735,6.896808505058289,8.12277469892102,7.796533246296155,0.0,0.0
PAM4,-20.0,16,-0.10751779703423381,20.16332860616967,104.01987396848118,105.11943562834745,0.4732142857142857,0.45982142857142855
PAM4,-18.0,16,-0.18697924574371427,18.22698981722351,105.91818508895406,107.45660764308886,0.4712611607142857,0.466796875
PAM4,-16.0,16,-0.7469944283366203,16.809030883014202,99.54187036303094,98.01728267896765,0.40318080357142855,0.39871651785714285
PAM4,-14.0,16,-1.1622415743768215,15.132236119359732,92.07290433008701,93.19662494711743,0.37862723214285715,0.38253348214285715
PAM4,-12.0,16,-1.582396276295185,13.55915791541338,88.520110466794,89.14296180894253,0.34598214285714285,0.34151785714285715
PAM4,-10.0,16,-2.28461417555809,12.319000571966171,81.66971281927651,82.33860380375305,0.31640625,0.3060825892857143
PAM4,-8.0,16,-3.4903586357831955,11.41342218220234,74.18505552335395,75.56817372670432,0.27036830357142855,0.26478794642857145
PAM4,-6.0,16,-4.9027062356472015,10.90429973602295,64.0833591175873,65.39345977809063,0.22823660714285715,0.21010044642857142
PAM4,-4.0,16,-6.360614746809006,10.294733539223671,51.62701144385483,54.201035201899884,0.15904017857142858,0.15206473214285715
PAM4,-2.0,16,-7.806291818618774,9.805482663214207,46.973026884358504,46.76155427289637,0.11551339285714286,0.09514508928571429
PAM4,0.0,16,-9.378202378749847,9.412166580266785,38.57747990585857,39.0032478460124,0.06724330357142858,0.05329241071428571
PAM4,2.0,16,-11.187495410442352,9.201130338013172,33.31072516530476,32.28064739647064,0.04771205357142857,0.030412946428571428
PAM4,4.0,16,-13.100309073925018,9.144326135516167,26.77871810830996,26.617984347692946,0.022042410714285716,0.007254464285714286
PAM4,6.0,16,-15.143880367279053,9.13871443271637,22.476907893408782,23.12892696131722,0.008649553571428572,0.005022321428571429
PAM4,8.0,16,-16.98251909017563,8.949321031570435,20.509994436685282,20.639063513019877,0.006417410714285714,0.005859375
PAM4,10.0,16,-19.184775948524475,9.173666179180145,16.283848604507853,16.48861010831066,0.00027901785714285713,0.0
PAM4,12.0,16,-20.363691687583923,8.432041585445404,15.252059181121108,15.15397546231155,0.0,0.0
PAM4,14.0,16,-21.930473566055298,7.969312429428101,14.534032784643777,14.28529347886402,0.0,0.0
PAM4,16.0,16,-23.270756363868713,7.275885701179504,15.031372131409777,14.827372472116636,0.0013950892857142857,0.0013950892857142857
PAM4,18.0,16,-24.043058037757874,6.075414538383484,13.886950085423322,13.73530203429403,0.00027901785714285713,0.0
PAM4,20.0,16,-25.39728558063507,5.372953176498413,13.396234022149473,13.117647084680792,0.0,0.0
QPSK,-20.0,16,-0.12150805233977735,20.147326996317133,100.99370496581454,102.53119253924487,0.4341517857142857,0.4467075892857143
QPSK,-18.0,16,-0.36336964601650834,18.314064326230437,100.25040969466419,100.66979384907599,0.4095982142857143,0.392578125
QPSK,-16.0,16,-0.566825432702899,16.608802719041705,98.359210702215,97.30973633746211,0.380859375,0.36356026785714285
QPSK,-14.0,16,-1.15542309358716,15.140716303139925,92.36955902629914,92.16784301603445,0.33370535714285715,0.32533482142857145
QPSK,-12.0,16,-1.6498304158449173,13.615009799599648,88.48147648700939,90.01830835861279,0.28404017857142855,0.287109375
QPSK,-10.0,16,-2.53030101954937,12.49145321547985,80.94427078293518,80.91589821977624,0.23493303571428573,0.21344866071428573
QPSK,-8.0,16,-3.5227743312716484,11.488479308784008,70.57459328221611,72.7245391922926,0.15876116071428573,0.15262276785714285
QPSK,-6.0,16,-5.184672564268112,11.156084328889847,58.60248592783145,63.038247899147294,0.10463169642857142,0.10016741071428571
QPSK,-4.0,16,-6.539584100246429,10.57881785929203,49.94641210404269,54.68671985725122,0.05552455357142857,0.05859375
QPSK,-2.0,16,-8.63309496641159,10.611503593623638,38.36346573664483,45.00092035070087,0.018415178571428572,0.018694196428571428
QPSK,0.0,16,-10.696507155895233,10.682402300008107,30.300598882364397,36.30514689710942,0.009486607142857142,0.007533482142857143
QPSK,2.0,16,-12.927352786064148,10.889569282531738,24.450283878458148,30.034646515972597,0.0008370535714285714,0.0005580357142857143
QPSK,4.0,16,-14.105485439300537,10.11458957195282,20.68485609990288,24.45019622294333,0.0,0.0
QPSK,6.0,16,-15.9273282289505,9.90453240275383,18.597958101669484,21.501084646624626,0.0016741071428571428,0.0013950892857142857
QPSK,8.0,16,-17.223595798015594,9.186358660459518,16.495815596019057,17.806295084167154,0.0,0.0
QPSK,10.0,16,-19.04089617729187,9.047907650470734,13.489547531285337,14.533688089864985,0.0,0.0
QPSK,12.0,16,-20.91439664363861,8.961439371109009,10.337509603210425,11.160604049789427,0.0,0.0
QPSK,14.0,16,-22.386150002479553,8.455542147159576,10.038504099815414,10.50109498942043,0.0,0.0
QPSK,16.0,16,-23.765119194984436,7.768242239952087,8.982001780239107,8.983779818695208,0.0,0.0
QPSK,18.0,16,-25.350863456726074,7.341685056686401,8.613157423725864,8.533568333138078,0.0,0.0
QPSK,20.0,16,-26.482362866401672,6.520692229270935,7.293252190998825,7.233082137292126,0.0,0.0
