mod,snr_db,n,nmse_db,snr_gain_db,si_sdr_db,si_sdr_gain_db,excess_over_shrinkage_db,evm_pct,evm_pct_noisy,ber,ber_noisy
16QAM,-20.0,16,0.2496045301668346,19.716064386535436,0.06604805670212954,0.023683398263528943,-0.29317649570293725,103.65871831845574,105.62640545826011,0.49798387096774194,0.4993699596774194
16QAM,-18.0,16,0.13432848313823342,17.913083793129772,0.10817572707310319,0.04081897088326514,-0.20192648749798536,103.53560256730805,106.57130771324057,0.4897618447580645,0.49420362903225806
16QAM,-16.0,16,-0.00581892067566514,16.061121600214392,0.18844435410574079,0.07468598103150725,-0.10062517831102014,103.12535955768078,103.62474264041877,0.4865171370967742,0.4814453125
16QAM,-14.0,16,-0.12411342118866742,14.123017351375893,0.2825634106993675,0.1113714356906712,-0.045522637432441115,103.87172178289158,105.49659471352984,0.4817918346774194,0.47952368951612906
16QAM,-12.0,16,-0.2497615817701444,12.255727231851779,0.39950923807919025,0.14856175892055035,-0.015745054581202567,103.38373851472363,104.97558534478542,0.4598349294354839,0.4642137096774194
16QAM,-10.0,16,-0.6217314042150974,10.599999014288187,0.7173521444201469,0.28939890675246716,0.20566595532000065,98.86315765253417,101.33439677099788,0.44915574596774194,0.44928175403225806
16QAM,-8.0,16,-0.9592576138675213,8.902679782360792,1.0564606487751007,0.42298225313425064,0.3123868368566036,96.45089877524532,95.90609428357078,0.42228452620967744,0.42581275201612906
16QAM,-6.0,16,-1.5085345059633255,7.51117105782032,1.578923299908638,0.6129738874733448,0.5355111062526703,93.74584705094298,94.63386874488717,0.40678553427419356,0.4017452116935484
16QAM,-4.0,16,-2.288453087210655,6.337563723325729,2.3329837769269943,0.9021307528018951,0.8465669900178909,84.14361988212634,86.14233870298,0.37184979838709675,0.3746849798387097
16QAM,-2.0,16,-3.3928475379943848,5.386649176478386,3.4226073771715164,1.2795446887612343,1.2652248293161392,84.26075261132424,87.16165303168822,0.36176915322580644,0.36917212701612906
16QAM,0.0,16,-4.698205858469009,4.689183916998445,4.711925148963928,1.6908265352249146,1.6831391006708145,69.88038350542675,73.22456890148015,0.2901650705645161,0.29611895161290325
16QAM,2.0,16,-6.06985878944397,4.055094942450523,6.077357053756714,1.9582658410072327,1.9357741326093674,57.82208272999921,60.319425644772046,0.2216796875,0.22719254032258066
16QAM,4.0,16,-7.600024312734604,3.6027036607265472,7.6058129370212555,2.162677824497223,2.1461297273635864,55.300553430946856,57.81629908058067,0.2099609375,0.20942540322580644
16QAM,6.0,16,-9.301118552684784,3.324588716030121,9.31041020154953,2.33500999212265,2.346385180950165,46.668100439598774,47.02810773447906,0.15946320564516128,0.16100680443548387
16QAM,8.0,16,-11.065544128417969,3.066775470972061,11.073568403720856,2.409523665904999,2.4274460673332214,38.15493485264831,38.643184130846805,0.1123046875,0.11107610887096774
16QAM,10.0,16,-12.72865355014801,2.7156363129615784,12.734789788722992,2.2993080019950867,2.302790880203247,33.86223891804555,33.468913860545584,0.08064516129032258,0.07538432459677419
16QAM,12.0,16,-14.433860957622528,2.4244324564933777,14.442689776420593,2.170103430747986,2.159154951572418,28.308876611954247,27.62713671423835,0.052734375,0.04722152217741935
16QAM,14.0,16,-16.138112783432007,2.1620620489120483,16.16123080253601,2.016124665737152,1.991479516029358,26.227425227296727,25.293306980446303,0.04618195564516129,0.04309475806451613
16QAM,16.0,16,-17.68889033794403,1.6806864142417908,17.73058295249939,1.6033892035484314,1.573038399219513,22.287389856690766,20.886540429100638,0.024855090725806453,0.019121723790322582
16QAM,18.0,16,-19.246104836463928,1.2633607387542725,19.32821524143219,1.2718192338943481,1.1947673559188843,19.96279731245061,18.57790495071847,0.02233492943548387,0.017767137096774195
16QAM,20.0,16,-20.721874952316284,0.6825907230377197,20.868226408958435,0.7849879264831543,0.6397370100021362,20.141342649171882,18.377429997598156,0.027406754032258066,0.024193548387096774
64QAM,-20.0,16,0.2379474483896047,19.741221562726423,0.07136294757947326,0.02531395759433508,-0.28138744668103755,103.06043355763232,104.47283065314792,0.4971858198924731,0.4926915322580645
64QAM,-18.0,16,0.12164105547708459,17.825010880100308,0.11380195594392717,0.041939421091228724,-0.1908116296690423,102.58390410506333,102.76525799954035,0.49731182795698925,0.4926495295698925
64QAM,-16.0,16,0.017225743817107286,16.002383528662904,0.17674763360992074,0.07231536670587957,-0.1245223377700313,104.24648506827518,106.33392396162819,0.4884072580645161,0.4864331317204301
64QAM,-14.0,16,-0.1399606919294456,14.167930648327456,0.29159707855433226,0.11470185127109289,-0.02859414774866309,102.10347580162558,103.29229753573813,0.4881762432795699,0.4903393817204301
64QAM,-12.0,16,-0.2933159554377198,12.271488496102393,0.4361339155584574,0.17180414777249098,0.026132931001484394,103.86642210023624,102.78492661992652,0.47843161962365593,0.4780115927419355
64QAM,-10.0,16,-0.5534943714737892,10.591385640203953,0.6624455992132425,0.2591543421149254,0.14286251738667488,100.34024393847517,102.60643636206143,0.47261424731182794,0.47647849462365593
64QAM,-8.0,16,-0.9636022448539734,8.979388177394867,1.0500947944819927,0.4111107885837555,0.32672082632780075,95.18415123685128,95.65256913900288,0.452158938172043,0.4503318212365591
64QAM,-6.0,16,-1.4104477614164352,7.3976159542799,1.490371286869049,0.5500227771699429,0.4344576224684715,97.34052149668625,98.94636069202171,0.448252688172043,0.4487357190860215
64QAM,-4.0,16,-2.319453828036785,6.286417655646801,2.3680505380034447,0.915529303252697,0.8543306738138199,87.94845139733911,89.17626088047163,0.4256132392473118,0.4220640120967742
64QAM,-2.0,16,-3.3355896174907684,5.300957478582859,3.367760047316551,1.2509869635105133,1.1975352615118027,80.73805245857811,81.75765246422199,0.39348118279569894,0.3990885416666667
64QAM,0.0,16,-4.641794636845589,4.667955884709954,4.652916520833969,1.6260113567113876,1.6440626978874207,71.73142402180586,74.5610043817383,0.3707787298387097,0.37525201612903225
64QAM,2.0,16,-6.06295371055603,4.033797189593315,6.06864008307457,1.9156128764152527,1.9201987981796265,58.31566629517992,59.281870501987505,0.3172043010752688,0.3199554771505376
64QAM,4.0,16,-7.4865995943546295,3.4877409040927887,7.495726853609085,2.056901663541794,2.0316981077194214,54.189836331362976,55.078981037142896,0.30395245295698925,0.3014532930107527
64QAM,6.0,16,-9.213676810264587,3.2405083179473877,9.221541821956635,2.260108858346939,2.261593520641327,48.77735910911207,49.50734138653546,0.2614247311827957,0.2599336357526882
64QAM,8.0,16,-11.060214698314667,3.0772816836833954,11.063760101795197,2.3856602907180786,2.4358490705490112,35.46162440568362,35.78055015093385,0.18756300403225806,0.18122059811827956
64QAM,10.0,16,-12.7540163397789,2.732079029083252,12.760150253772736,2.3187032341957092,2.3199991583824158,34.511783637874345,34.70882778700842,0.18216565860215053,0.18042254704301075
64QAM,12.0,16,-14.504226744174957,2.476581633090973,14.513339757919312,2.2220481038093567,2.2124086022377014,30.143307180433162,29.455162057518642,0.1551789314516129,0.14711441532258066
64QAM,14.0,16,-16.161890149116516,2.178743362426758,16.190207839012146,2.028151750564575,2.0084844827651978,24.582573228218745,23.708230269876807,0.12033770161290322,0.11254620295698925
64QAM,16.0,16,-17.80722188949585,1.7214447259902954,17.85479235649109,1.6658398509025574,1.6157488822937012,22.566002802283155,21.052339015641532,0.09994539650537634,0.08921370967741936
64QAM,18.0,16,-19.287002682685852,1.290129542350769,19.37057602405548,1.2905399799346924,1.2217557430267334,18.407862619179497,16.63172794505339,0.07003948252688172,0.054645497311827954
64QAM,20.0,16,-20.460739850997925,0.40937530994415283,20.61454975605011,0.5157588720321655,0.36665570735931396,21.92965783911826,19.451767558355186,0.09316196236559139,0.07598286290322581
8PSK,-20.0,16,0.21584706008434296,19.82094295322895,0.07770629622973502,0.02924736321438104,-0.25872596399858594,103.20693822588643,107.55244114397718,0.4890793010752688,0.48403897849462363
8PSK,-18.0,16,0.12979389750398695,17.82591162598692,0.1142399504315108,0.03851145273074508,-0.19881307776086032,102.07240371244589,103.80765744046727,0.49323756720430106,0.48256888440860213
8PSK,-16.0,16,0.026194190373644233,16.018952751765028,0.1721756518818438,0.0648599558044225,-0.1328684955369681,104.30109616535009,104.80369046143316,0.4910114247311828,0.494119623655914
8PSK,-14.0,16,-0.1123044453561306,14.072225090116262,0.2725674510002136,0.10406324360519648,-0.05886072013527155,102.98818499955297,102.31570255734522,0.4660198252688172,0.45883736559139787
8PSK,-12.0,16,-0.321176553145051,12.285069549456239,0.4489000830799341,0.18115283269435167,0.05321855656802654,102.91356372171157,104.165583526063,0.45669522849462363,0.4585013440860215
8PSK,-10.0,16,-0.6019704882055521,10.546588892117143,0.7054453603923321,0.28165031038224697,0.18284032680094242,99.64077945861405,100.14671117734896,0.4334677419354839,0.4266213037634409
8PSK,-8.0,16,-1.052328646183014,9.017127752304077,1.1276112645864487,0.4708889611065388,0.4084184765815735,96.04939020819114,94.55611844657976,0.40129368279569894,0.3977654569892473
8PSK,-6.0,16,-1.5833405330777168,7.620662845671177,1.6449626609683037,0.6659442260861397,0.617128998041153,93.43157526638993,93.19713795988318,0.3841565860215054,0.39272513440860213
8PSK,-4.0,16,-2.4147691428661346,6.395476892590523,2.4498138427734375,1.0145596787333488,0.953600101172924,83.39561396133531,84.39112051200928,0.3200184811827957,0.32283266129032256
8PSK,-2.0,16,-3.505170166492462,5.499660238623619,3.531604140996933,1.3928219079971313,1.378179982304573,76.00370854144512,79.10322386487543,0.2775537634408602,0.28444220430107525
8PSK,0.0,16,-4.770831644535065,4.7276826412416995,4.784293234348297,1.8075187802314758,1.7382915765047073,63.788446244828876,67.20529348029281,0.2115255376344086,0.21824596774193547
8PSK,2.0,16,-6.292941182851791,4.311682030558586,6.301916778087616,2.1916767060756683,2.179845869541168,67.3107280537325,72.6032198813092,0.2218581989247312,0.24311155913978494
8PSK,4.0,16,-7.963496536016464,3.9668262898921967,7.973840177059174,2.5100812911987305,2.51017826795578,52.434454598983464,57.21784029613436,0.14318716397849462,0.1541078629032258
8PSK,6.0,16,-9.653995990753174,3.6720972657203674,9.66395390033722,2.6799305081367493,2.694965273141861,43.32330849133054,47.285178797597624,0.09135584677419355,0.10122647849462366
8PSK,8.0,16,-11.315966308116913,3.297174632549286,11.331650257110596,2.6816956400871277,2.660663068294525,38.01117189894116,40.60448388318366,0.07875504032258064,0.08295530913978495
8PSK,10.0,16,-13.0044105052948,3.024524211883545,13.015783488750458,2.6453580260276794,2.6085851788520813,30.544227184628383,31.790666477368415,0.03431619623655914,0.03637432795698925
8PSK,12.0,16,-14.833305716514587,2.8397459387779236,14.845849454402924,2.5859200954437256,2.5735742449760437,23.678534435403613,24.750537025766963,0.01423891129032258,0.015372983870967742
8PSK,14.0,16,-16.364493370056152,2.3553521633148193,16.380589842796326,2.184413492679596,2.186112880706787,21.369770293109553,21.387650021169307,0.009156586021505377,0.007476478494623656
8PSK,16.0,16,-18.042548894882202,2.044748842716217,18.05959641933441,1.940591275691986,1.936919391155243,21.233310752995855,20.544733410028172,0.013272849462365592,0.011928763440860215
8PSK,18.0,16,-19.843753457069397,1.88296377658844,19.876521587371826,1.8427906036376953,1.814027190208435,16.7732223062215,15.95253202030035,0.0016801075268817205,0.0011340725806451614
8PSK,20.0,16,-21.12793779373169,1.1454640626907349,21.19290566444397,1.1574171781539917,1.1020649671554565,15.423327379157975,14.563348472047252,0.004662298387096774,0.003360215053763441
BPSK,-20.0,16,0.23277768958359957,19.75373664032668,0.0726843005977571,0.0222106846049428,-0.2761461171321571,102.43370634115666,104.53116717168409,0.48639112903225806,0.47857862903225806
BPSK,-18.0,16,0.15219764318317175,17.838937477208674,0.10471733240410686,0.035172256524674594,-0.22066907119005919,105.2939984316344,105.19648902017701,0.4855090725806452,0.4887852822580645
BPSK,-16.0,16,0.015070543275214732,16.01501722575631,0.17781578097492456,0.0631067450158298,-0.12210314779076725,102.22153341104385,102.38516859380704,0.4504788306451613,0.45161290322580644
BPSK,-14.0,16,-0.12042729859240353,14.102300751255825,0.2787908846512437,0.10918429400771856,-0.04986562277190387,102.38184962740308,103.7047249567101,0.46459173387096775,0.4661038306451613
BPSK,-12.0,16,-0.3285276028327644,12.292271945159882,0.46038661152124405,0.18718552123755217,0.060611245688050985,102.35437442778905,103.26120480553811,0.4134324596774194,0.4518649193548387
BPSK,-10.0,16,-0.574764259159565,10.621167846024036,0.680408425629139,0.27113136649131775,0.1648438610136509,99.3149221733386,99.53833724488268,0.3509324596774194,0.3392137096774194
BPSK,-8.0,16,-0.9618051163852215,8.976304840296507,1.0543510876595974,0.44267136231064796,0.32466574758291245,97.27855516855955,97.54641849035164,0.32447076612903225,0.32610887096774194
BPSK,-6.0,16,-1.6979751586914062,7.772703945636749,1.7447918206453323,0.7594639137387276,0.739398717880249,92.32227421555125,93.52995051338189,0.26877520161290325,0.27494959677419356
BPSK,-4.0,16,-2.547034077346325,6.563149057328701,2.5833214074373245,1.1605582013726234,1.0959711745381355,81.79047337877657,86.14094602326209,0.16028225806451613,0.1779233870967742
BPSK,-2.0,16,-3.7153605818748474,5.73999597132206,3.7457941472530365,1.6420795246958733,1.5999771803617477,74.94785949877686,80.67279276384203,0.11794354838709678,0.13860887096774194
BPSK,0.0,16,-5.600373148918152,5.588090299861506,5.619614005088806,2.6214886754751205,2.583205372095108,61.17127288797611,69.68132559187362,0.057837701612903226,0.07850302419354839
BPSK,2.0,16,-7.23071414232254,5.25575665384531,7.244581013917923,3.1410650610923767,3.1211256980895996,49.19166483086663,59.59198450602488,0.013482862903225807,0.020917338709677418
BPSK,4.0,16,-8.900493800640106,4.957790359854698,8.922090291976929,3.5036413371562958,3.485442280769348,45.57478920764311,54.429120493402635,0.012600806451612902,0.01940524193548387
BPSK,6.0,16,-10.45615816116333,4.47108057141304,10.498725712299347,3.539941042661667,3.4944510459899902,38.89762677197906,45.30437704321596,0.00390625,0.008064516129032258
BPSK,8.0,16,-12.294245302677155,4.332229822874069,12.36647218465805,3.7678019404411316,3.687853515148163,33.4333276771748,39.28239918455651,0.003780241935483871,0.006804435483870968
BPSK,10.0,16,-13.65039736032486,3.665465474128723,13.72046583890915,3.3100640773773193,3.250124514102936,26.48072324795373,29.791214947717904,0.0008820564516129032,0.0013860887096774194
BPSK,12.0,16,-15.238824009895325,3.2431824803352356,15.281894624233246,3.014703631401062,2.97707861661911,24.122860145718587,25.681715605362083,0.00025201612903225806,0.0003780241935483871
BPSK,14.0,16,-16.908748149871826,2.95275616645813,16.94764494895935,2.8203046321868896,2.7814765572547913,21.564812842524134,23.063465504639154,0.0,0.0
BPSK,16.0,16,-18.59129822254181,2.570567488670349,18.6464684009552,2.5137234330177307,2.463254690170288,15.730290184756074,16.465130120918737,0.0,0.0
BPSK,18.0,16,-20.20342195034027,2.183622121810913,20.269584894180298,2.1788610219955444,2.115605592727661,18.318865822471786,18.572457682693486,0.0,0.0
BPSK,20.0,16,-21.695706844329834,1.6971617937088013,21.771244764328003,1.7225080728530884,1.6539208889007568,14.185009787241338,14.06575833855171,0.0,0.0
PAM4,-20.0,16,0.2747864704579115,19.77882826514542,0.0564118284964934,0.018419964355416596,-0.31750128767453134,104.23450172529583,104.5848479771781,0.49439264112903225,0.4998109879032258
PAM4,-18.0,16,0.19122509125736542,17.841327151021687,0.0901814317330718,0.02898733993060887,-0.25902720520389266,103.86475975222189,105.1757971101624,0.49666078629032256,0.4991809475806452
PAM4,-16.0,16,-0.018461731728166342,16.067922142799944,0.1966577935963869,0.08118531852960587,-0.08810277143493295,103.51177666027021,104.59598064323667,0.4817288306451613,0.47435735887096775
PAM4,-14.0,16,-0.11313478962983936,14.102788913412951,0.27846561558544636,0.11462033400312066,-0.056837719515897334,107.8761861166,109.93442335689905,0.4811617943548387,0.4874621975806452
PAM4,-12.0,16,-0.3406533198431134,12.325463374145329,0.47410066425800323,0.20159817393869162,0.07388866785913706,100.31944697790823,99.65185788880251,0.4466355846774194,0.44083921370967744
PAM4,-10.0,16,-0.665158111602068,10.694604594260454,0.7508546970784664,0.3223245348781347,0.25380643270909786,97.13841782974485,97.30734412751666,0.4280493951612903,0.42307207661290325
PAM4,-8.0,16,-1.025839690119028,8.956092450767756,1.105009339749813,0.4508041478693485,0.37695978581905365,97.82401474299712,98.38451780866568,0.40921118951612906,0.40700604838709675
PAM4,-6.0,16,-1.6118846908211708,7.606276817619801,1.6716102361679077,0.708679798990488,0.6372343748807907,92.13105219600173,93.51665287213643,0.38646673387096775,0.3917590725806452
PAM4,-4.0,16,-2.512344092130661,6.4833430498838425,2.5555334761738777,1.090994581580162,1.0482711121439934,84.56662002438938,84.89808307780237,0.32661290322580644,0.3268019153225806
PAM4,-2.0,16,-3.665798172354698,5.701695896685123,3.6894205063581467,1.5588861554861069,1.5546525120735168,76.14881677722096,79.7605311099681,0.28395917338709675,0.28572328629032256
PAM4,0.0,16,-4.935772240161896,4.955966138746589,4.955779522657394,1.9365086406469345,1.9351733773946762,65.68710809100406,69.85194413562024,0.20974042338709678,0.22719254032258066
PAM4,2.0,16,-6.401433080434799,4.409987293183804,6.411482781171799,2.2529891431331635,2.2817919552326202,59.581464493461176,62.4574906832884,0.2013608870967742,0.19921875
PAM4,4.0,16,-7.87257519364357,3.9034767001867294,7.884599924087524,2.468514233827591,2.4388864636421204,53.53373573305379,58.07705994305952,0.15650201612903225,0.1622983870967742
PAM4,6.0,16,-9.586606442928314,3.590252637863159,9.599713027477264,2.6236658692359924,2.6158250868320465,42.85813799828934,44.15900469442438,0.11082409274193548,0.10376764112903226
PAM4,8.0,16,-11.319586753845215,3.288820743560791,11.333254992961884,2.6302239894866943,2.6539095044136047,40.2925607026166,40.96319227013886,0.07585685483870967,0.06917842741935484
PAM4,10.0,16,-12.966846525669098,2.965482175350189,12.979313790798187,2.5391563773155212,2.551471471786499,35.40421469812182,36.141110750286025,0.057396673387096774,0.051600302419354836
PAM4,12.0,16,-14.601536631584167,2.656627058982849,14.630994498729706,2.4155808091163635,2.3875483870506287,28.412923577962715,28.377589575633554,0.016948084677419355,0.020413306451612902
PAM4,14.0,16,-16.179647564888,2.1943878531455994,16.22549396753311,2.061015486717224,2.0242276191711426,26.746172866185873,25.484942306550735,0.019468245967741934,0.014994959677419355
PAM4,16.0,16,-17.8842591047287,1.8785434365272522,17.941362977027893,1.8272212147712708,1.7708851099014282,22.927314283274086,21.75250859210876,0.009261592741935484,0.0078125
PAM4,18.0,16,-19.253284335136414,1.3124138116836548,19.3873153924942,1.3654203414916992,1.2431814670562744,21.154617520338533,19.677363779906223,0.006804435483870968,0.004662298387096774
PAM4,20.0,16,-20.535888671875,0.4872094392776489,20.77439522743225,0.6821469068527222,0.4444509744644165,21.232166303334452,19.130784500112618,0.008127520161290322,0.0052293346774193545
QPSK,-20.0,16,0.2801100639626384,19.738647279329598,0.057821230962872505,0.017428196966648102,-0.32316940114833415,102.78572463431617,105.46642233689933,0.4835559475806452,0.47895665322580644
QPSK,-18.0,16,0.13954041269607842,17.803349039284512,0.10932663967832923,0.0378474451135844,-0.20874828076921403,103.45108533320905,105.58225479413423,0.4881552419354839,0.4841859879032258
QPSK,-16.0,16,-0.008843405405059457,16.07317583099939,0.1884105233475566,0.0769227184355259,-0.09739961544983089,103.8738066569694,106.34254106349293,0.47561743951612906,0.46389868951612906
QPSK,-14.0,16,-0.14440295565873384,14.108587180264294,0.29420780949294567,0.11873917654156685,-0.026580099016427994,106.52870862156698,105.43074205625824,0.4594884072580645,0.4518649193548387
QPSK,-12.0,16,-0.3457129532471299,12.341257744468749,0.4688497222959995,0.1882283929735422,0.07958112750202417,100.26337252524165,100.70695279250387,0.3953503024193548,0.3949092741935484
QPSK,-10.0,16,-0.6263084057718515,10.594212735071778,0.724811464548111,0.29238986782729626,0.20911585725843906,97.5512586301301,97.87138937124209,0.3704637096774194,0.36819556451612906
QPSK,-8.0,16,-0.9755241200327873,8.937221728265285,1.0616301745176315,0.4135502651333809,0.33111265674233437,96.04713165222074,95.52431585995517,0.3351184475806452,0.3338583669354839
QPSK,-6.0,16,-1.5813565999269485,7.5546863824129105,1.6381354928016663,0.6517658792436123,0.6024321243166924,91.53804776410453,93.0920251634975,0.3101688508064516,0.3265498991935484
QPSK,-4.0,16,-2.478503569960594,6.505095213651657,2.513186529278755,1.0592808425426483,1.030260719358921,85.70618896756766,87.75058384446432,0.27532762096774194,0.2916456653225806
QPSK,-2.0,16,-3.4639068096876144,5.458465255796909,3.4926698356866837,1.3683929592370987,1.3367947190999985,77.78689330007738,79.46021164479993,0.2006048387096774,0.20999243951612903
QPSK,0.0,16,-4.838742673397064,4.823704303562408,4.850952208042145,1.8277987390756607,1.8204260170459747,65.54218277427083,69.45859277326343,0.13211945564516128,0.1436491935483871
QPSK,2.0,16,-6.376175105571747,4.347652405500412,6.3834686279296875,2.2020198702812195,2.2338808476924896,53.662475888719754,58.548504096917526,0.068359375,0.07667590725806452
QPSK,4.0,16,-8.021674275398254,4.026471808552742,8.02754208445549,2.5981726348400116,2.569418638944626,44.530233826392426,48.59177319138617,0.03307711693548387,0.03962953629032258
QPSK,6.0,16,-9.655283331871033,3.64140123128891,9.665125787258148,2.7070612013339996,2.670749455690384,39.3786624486291,43.10955027763097,0.021169354838709676,0.02551663306451613
QPSK,8.0,16,-11.295830368995667,3.28646782040596,11.306209921836853,2.6741499304771423,2.6485827565193176,36.50071995016967,38.920739711767894,0.012348790322580645,0.013671875
QPSK,10.0,16,-13.190778315067291,3.1996431946754456,13.206713318824768,2.7943568229675293,2.7847388982772827,28.191437588099454,30.06681971676431,0.004347278225806451,0.00516633064516129
QPSK,12.0,16,-14.66529631614685,2.7190162539482117,14.676315605640411,2.4649903774261475,2.449957847595215,27.84911450322472,28.459187399699424,0.008694556451612902,0.008694556451612902
QPSK,14.0,16,-16.56919753551483,2.6149314641952515,16.577032327651978,2.446777582168579,2.4435837864875793,23.119181767806616,23.776594000092317,0.005418346774193549,0.006111391129032258
QPSK,16.0,16,-18.248832941055298,2.2643104195594788,18.265345573425293,2.1708568334579468,2.1561368703842163,19.456460048610904,19.704395959593377,0.00018901209677419354,0.00018901209677419354
QPSK,18.0,16,-19.63314986228943,1.612253189086914,19.671812057495117,1.57981538772583,1.5442649126052856,19.6963289011155,18.80085828914992,0.0003780241935483871,0.0004410282258064516
QPSK,20.0,16,-21.176164746284485,1.215382695198059,21.220478892326355,1.2132081985473633,1.1717476844787598,16.050258986261802,15.057639816807542,6.300403225806451e-05,0.0
